INVENTORY_ID,PRODUCT_ID,COLOR,PRODUCT_SIZE,PRICE,QUANTITY
1,1,BLACK,,500,2
2,2,MAROON,,500,0
3,3,BROWN,,500,0
4,3,MAROON,,500,0
5,3,TAN,,500,39
6,3,BLACK,,500,0
7,3,MOSS GREEN,,500,0
8,4,BLACK,,500,0
9,4,NAVY BLUE,,500,0
10,4,MAUVE PINK,,500,0
11,4,KHAKI,,500,0
12,4,BROWN,,500,0
13,5,TAN,,500,0
14,5,BROWN,,500,0
15,5,BLACK,,500,0
16,5,RED,,500,0
17,5,OLIVE GREEN,,500,0
18,5,CROCO GREEN,,500,0
19,5,KHAKI,,500,0
20,5,MOSS GREEN,,500,0
21,5,MOCHA,,500,0
22,5,GRAY,,500,0
23,5,OLD ROSE,,500,0
24,5,MAUVE PINK,,500,0
25,5,DARK MUSTARD,,500,0
26,5,POWDER BLUE,,500,0
27,5,PINK,,500,0
28,5,BLUE GREEN,,500,0
29,5,ARMY GREEN,,500,0
30,5,NAVY BLUE,,500,0
31,5,LT PINK,,500,0
32,5,DARK KHAKI,,500,0
33,5,LILAC,,500,0
34,6,BLACK,,500,10
35,6,MAROON,,500,10
36,6,NAVY BLUE,,500,10
37,6,BROWN,,500,9
38,7,NAVY BLUE,,500,0
39,7,BLACK,,500,0
40,7,KHAKI,,500,0
41,7,GRAY,,500,0
42,7,MAUVE PINK,,500,0
43,7,LT BLUE,,500,0
44,7,TAN,,500,0
45,7,BROWN,,500,0
46,7,LILAC,,500,0
47,7,OLIVE GREEN,,500,0
48,7,MOSS GREEN,,500,0
49,7,BEIGE,,500,0
50,8,BLACK/GRAY,,500,1
51,8,RUST/GRAY,,500,10
52,8,BLACK/RED,,500,11
53,8,GREEN/ORANGE,,500,1
54,9,BROWN,,500,32
55,9,NAVY BLUE,,500,10
56,9,BLACK,,500,21
57,9,MAUVE PINK,,500,0
58,9,LT BLUE,,500,0
59,9,MAROON,,500,6
60,9,KHAKI,,500,15
61,9,PINK,,500,1
62,9,POWDER BLUE,,500,1
63,10,PINK,,800,10
64,10,RED,,800,8
65,10,BLUE,,800,6
66,10,BLACK,,800,8
67,11,NAVY BLUE,,800,1
68,11,RED,,800,6
69,12,BLACK,,800,5
70,12,DARK KHAKI,,800,6
71,12,WHITE,,800,3
72,12,RED/VIOLET,,800,4
73,12,BEIGE,,800,5
74,12,OLD ROSE,,800,5
75,12,BLACK,,800,5
76,13,KHAKI,,800,3
77,13,BLACK,,800,1
78,13,TAN,,800,5
79,13,OLD ROSE,,800,5
80,13,MAUVE PINK,,800,5
81,13,BROWN,,800,5
82,13,GRAY,,800,2
83,13,DARK KHAKI,,800,3
84,14,TAN/BEIGE,,800,9
85,14,KHAKI/WHITE,,800,6
86,14,WHITE/TAN,,800,6
87,14,BLACK/TAN,,800,4
88,14,BROWN/KHAKI,,800,3
89,14,MAUVEPINK/HOT PINK,,800,5
90,14,BLACK/GRAY,,800,1
91,15,WHITE,,800,3
92,15,TAN,,800,2
93,15,BLACK,,800,3
94,15,BROWN,,800,2
95,15,FLESH,,800,5
96,15,KHAKI,,800,1
97,15,RED,,800,2
98,15,LT PINK,,800,3
99,15,MUSTARD,,800,0
100,15,LILAC,,800,2
101,15,OFFWHITE,,800,0
102,16,DARK KHAKI,,800,3
103,16,BROWN,,800,0
104,16,BLACK,,800,13
105,16,POWDERBLUE,,800,0
106,16,LT PINK,,800,13
107,16,NAVY BLUE,,800,4
108,16,RED,,800,8
109,16,GRAY,,800,6
110,16,OFFWHITE,,800,0
111,16,SILVER,,800,0
112,16,TAN,,800,5
113,16,OLD ROSE,,800,6
114,16,PINK,,800,4
115,17,WHITE,,800,0
116,17,BROWN,,800,6
117,17,TAN,,800,13
118,17,KHAKI,,800,2
119,17,MAUVE PINK,,800,5
120,17,OLIVE GREEN,,800,2
121,17,LILAC,,800,5
122,17,OLD ROSE,,800,9
123,17,BLACK,,800,3
124,17,RED,,800,5
125,18,KHAKI,,800,10
126,18,BLACK,,800,6
127,18,BROWN,,800,1
128,18,GRAY,,800,12
129,18,TAN,,800,3
130,18,OLD ROSE,,800,3
131,18,DARK KHAKI,,800,0
132,19,KHAKI,,800,10
133,19,TAN,,800,1
134,19,BROWN,,800,3
135,19,BLACK,,800,1
136,19,GRAY,,800,10
137,19,MAUVE PINK,,800,3
138,19,POWDER BLUE,,800,24
139,19,LT PINK,,800,13
140,19,OFFWHITE,,800,0
141,19,MUSTARD,,800,0
142,19,MOSS GREEN,,800,9
143,19,OLIVE GREEN,,800,0
144,19,ORANGE,,800,0
145,19,BEIGE/NAVYBLUE,,800,7
146,19,DARK KHAKI,,800,15
147,19,SKY BLUE,,800,12
148,19,OLD ROSE,,800,18
149,20,BLACK,,800,4
150,20,BROWN,,800,4
151,20,NAVY BLUE,,800,5
152,20,TAN,,800,3
153,20,KHAKI,,800,6
154,21,LIGHT PINK,,800,11
155,21,MAUVE PINK,,800,16
156,21,MUSTARD,,800,3
157,21,RED,,800,0
158,22,KHAKI,,800,2
159,22,GRAY,,800,3
160,22,BLACK,,800,8
161,22,DARK BROWN,,800,9
162,22,LT PINK,,800,13
163,22,BEIGE,,800,17
164,22,BROWN,,800,10
165,22,OLD ROSE,,800,24
166,22,NAVY BLUE,,800,14
167,22,TAN,,800,12
168,22,OFFWHITE,,800,15
169,22,MINT GREEN,,800,16
170,23,MUSTARD,,800,5
171,23,LT PINK,,800,4
172,23,BLACK,,800,6
173,23,DARK BROWN,,800,13
174,23,KHAKI,,800,6
175,23,GRAY,,800,8
176,23,MAUVE PINK,,800,9
177,23,OLD ROSE,,800,8
178,23,RED,,800,0
179,24,NAVY BLUE,,800,10
180,24,BLACK,,800,67
181,24,MUSTARD,,800,6
182,24,MOSS GREEN,,800,31
183,24,GRAY,,800,11
184,24,LT PINK,,800,9
185,24,LILAC,,800,21
186,24,RED,,800,2
187,24,DARK KHAKI,,800,7
188,24,POWDER BLUE,,800,4
189,24,KHAKI,,800,17
190,24,TAN ,,800,4
191,24,OFF WHITE,,800,3
192,24,OLD ROSE,,800,1
193,24,BROWN,,800,73
194,24,MAUVE PINK,,800,6
195,25,BLACK,,800,9
196,25,MAUVE PINK,,800,8
197,25,TAN,,800,6
198,25,BROWN,,800,0
199,25,BLUE,,800,0
200,25,GRAY,,800,5
201,25,KHAKI,,800,0
202,26,BLACK,,800,12
203,26,BROWN,,800,16
204,26,WHITE,,800,13
205,27,MUSTARD,,800,1
206,27,BROWN,,800,10
207,27,KHAKI/BEIGE,,800,1
208,27,BLACK,,800,5
209,27,RED,,800,15
210,27,OLD ROSE,,800,8
211,27,PEACH,,800,0
212,27,GRAY,,800,3
213,28,BROWN,,800,3
214,28,OLD ROSE,,800,0
215,28,BLACK,,800,25
216,28,TAN,,800,0
217,28,OFF WHITE,,800,12
218,28,LT BLUE,,800,1
219,28,KHAKI,,800,1
220,28,GRAY,,800,2
221,28,WHITE,,800,4
222,28,RED,,800,0
223,28,ORANGE,,800,2
224,28,PINK,,800,2
225,29,BLUE,,800,12
226,29,BLACK W/ DESIGN,,800,0
227,29,CROCO OLD ROSE,,800,7
228,30,GREEN,,800,1
229,30,BLUE,,800,5
230,30,BLACK,,800,4
231,31,PRINTED ORANGE,,800,1
232,31,STRIPE BLUE,,800,17
233,32,BLUE,,800,0
234,32,RUST,,800,0
235,32,LT GRAY,,800,0
236,32,DISNEY PINK,,800,0
237,32,BLUE/SILVER,,800,0
238,32,BROWN,,800,0
239,32,RED,,800,0
240,32,DARK GRAY,,800,0
241,32,NAVY BLUE/ SILVER,,800,0
242,33,OLD ROSE,,800,0
243,33,PEACH,,800,3
244,33,TAN,,800,0
245,33,BLACK,,800,55
246,33,DARK KHAKI,,800,15
247,33,GRAY,,800,0
248,33,RED,,800,36
249,33,BROWN,,800,45
250,33,WHITE/CREAM,,800,5
251,33,ARMY GREEN,,800,0
252,34,BROWN,,800,5
253,34,WHITE,,800,5
254,34,BLACK,,800,6
255,34,TAN,,800,4
256,34,RED,,800,5
257,34,GRAY,,800,10
258,34,OFFWHITE,,800,6
259,34,OLD ROSE,,800,17
260,34,OLIVE GREEN,,800,9
261,34,KHAKI/BEIGE,,800,9
262,34,LT PINK,,800,5
263,35,MOSS GREEN,,800,8
264,35,BLACK,,800,11
265,35,NAVY BLUE,,800,12
266,35,LT BLUE,,800,5
267,35,MOCHA,,800,17
268,35,KHAKI,,800,0
269,35,BROWN,,800,1
270,35,LT PINK,,800,10
271,35,TAN,,800,0
272,35,GRAY,,800,0
273,35,RED,,800,12
274,35,BLUE GREEN,,800,11
275,35,DARK KHAKI,,800,2
276,36,NAVY BLUE,,800,61
277,36,RED,,800,21
278,36,ARMY GREEN,,800,7
279,36,BLACK,,800,20
280,36,DARK MUSTARD,,800,11
281,36,KHAKI,,800,2
282,36,PRINTED BRO,,800,6
283,36,LT PINK,,800,1
284,36,GRAY,,800,20
285,36,OFF WHITE,,800,4
286,36,OLD ROSE,,800,14
287,36,CROCO MOCHA,,800,13
288,36,DARK BROWN,,800,17
289,36,LT BLUE,,800,5
290,36,MAUVE PINK,,800,39
291,36,CROCO MOSS GREEN,,800,13
292,36,MOSS GREEN,,800,9
293,36,APPLE GREEN,,800,5
294,36,BEIGE,,800,8
295,36,DARK KHAKI,,800,10
296,37,BLACK & WHITE,,800,0
297,38,BLACK,,800,0
298,38,LILAC,,800,5
299,38,MAUVE PINK,,800,3
300,38,BROWN,,800,2
301,38,TAN,,800,7
302,39,LT PINK,,800,6
303,39,BLACK,,800,12
304,39,NAVY BLUE,,800,0
305,39,OLD ROSE,,800,2
306,39,RED,,800,6
307,39,BROWN,,800,8
308,39,KHAKI,,800,1
309,39,TAN,,800,0
310,39,MOSS GREEN,,800,12
311,39,MAUVE PINK,,800,4
312,39,DARK KHAKI,,800,2
313,39,GRAY,,800,4
314,39,LT BLUE,,800,13
315,40,WHITE,,800,3
316,40,OLIVE GREEN,,800,1
317,40,TAN,,800,3
318,40,BLACK,,800,8
319,40,POWDERBLUE,,800,3
320,40,KHAKI,,800,7
321,40,LT BLUE,,800,10
322,40,RED,,800,16
323,40,PINK,,800,5
324,41,LILAC,,800,5
325,41,BROWN,,800,5
326,41,GRAY,,800,7
327,41,TAN,,800,3
328,41,BLACK,,800,0
329,41,RED,,800,6
330,41,BLACK (MATTE),,800,7
331,41,BLUE,,800,8
332,41,LT PINK,,800,2
333,41,KHAKI,,800,2
334,42,OLIVE GREEN,,800,7
335,42,BROWN,,800,13
336,42,OLD ROSE,,800,9
337,42,BLACK,,800,12
338,42,KHAKI,,800,4
339,42,BEIGE,,800,9
340,42,TAN,,800,9
341,42,LT PINK,,800,5
342,42,GRAY,,800,2
343,42,MAUVE PINK,,800,4
344,43,BLUE GREEN,,800,3
345,43,RED,,800,7
346,43,LILAC,,800,2
347,43,DARK KHAKI,,800,2
348,43,OLIVE GREEN,,800,4
349,43,BLACK,,800,11
350,43,MAUVE PINK,,800,6
351,43,MOSS GREEN,,800,5
352,43,BROWN,,800,3
353,43,RED VIOLET,,800,1
354,43,TAN,,800,1
355,43,OLD ROSE,,800,1
356,44,FLESH,,800,1
357,44,BROWN,,800,0
358,44,BLACK,,800,11
359,44,RED,,800,13
360,44,TAN,,800,0
361,44,GRAY,,800,7
362,44,BLUE GREEN,,800,7
363,44,KHAKI,,800,9
364,44,DARK KHAKI,,800,6
365,44,MAUVE PINK,,800,5
366,45,TAN/BLACK,,800,6
367,45,KHAKI,,800,5
368,45,MAUVE PINK / WHITE,,800,3
369,45,FLESH,,800,10
370,45,OFFWHITE,,800,6
371,45,BLUE GREEN,,800,14
372,45,BLUE,,800,7
373,45,RDED,,800,17
374,45,BROWN,,800,0
375,45,KHAKI / WHITE,,800,6
376,46,GRAY,,800,6
377,46,PINK,,800,2
378,46,MAUVE PINK,,800,5
379,46,SKY BLUE,,800,1
380,46,BLACK,,800,3
381,46,APPLE GREEN,,800,6
382,46,POWDER BLUE,,800,7
383,46,TAN,,800,1
384,46,BLUE GREEN,,800,5
385,46,FLESH,,800,1
386,46,LT PINK,,800,1
387,46,MOSS GREEN,,800,1
388,47,BLUE GREEN,,800,2
389,47,BLACK,,800,4
390,48,PEACH,,800,5
391,48,WHITE / BLACK,,800,4
392,49,OFFWHITE,,800,3
393,49,BLACK,,800,2
394,49,KHAKI,,800,4
395,50,TAN,,800,4
396,50,BROWN,,800,2
397,50,BLACK,,800,1
398,50,KHAKI,,800,1
399,50,WHITE,,800,1
400,51,WHITE,,800,5
401,51,KHAKI,,800,2
402,51,BROWN,,800,0
403,51,MAUVE PINK,,800,3
404,51,TAN,,800,1
405,52,YELLOW / WHITE,,800,18
406,52,GREEN,,800,4
407,52,BROWN,,800,1
408,52,WHITE / TAN,,800,3
409,52,BLACK,,800,6
410,52,CROCO PINK,,800,6
411,52,STRIPE WHITE,,800,3
412,53,BLACK,,800,7
413,53,KHAKI,,800,21
414,53,WHITE,,800,23
415,53,DARK MUSTARD,,800,9
416,53,LT GRAY,,800,14
417,53,MAUVE PINK,,800,8
418,53,MOSS GREEN,,800,3
419,53,RED MANIPIS,,800,35
420,53,DARK KHAKI,,800,5
421,53,DARK GRAY,,800,6
422,53,BROWN,,800,13
423,53,TAN,,800,3
424,53,MAROON,,800,9
425,53,LILAC,,800,5
426,53,SKY BLUE,,800,11
427,53,MUSTARD,,800,4
428,53,OFF WHITE,,800,0
429,53,CREAM,,800,1
430,53,LT PINK,,800,1
431,53,POWDER BLUE,,800,0
432,53,BLACK MANIPIS,,800,8
433,53,RED,,800,4
434,53,OLIVE GREEN,,800,0
435,53,LT BLUE,,800,2
436,54,MOSS GREEN,,800,14
437,54,MOCHA,,800,9
438,54,BEIGE,,800,8
439,54,TAN,,800,12
440,54,MAUVE PINK,,800,12
441,54,BLACK,,800,8
442,54,WHITE,,800,0
443,55,BLACK,,800,3
444,55,DARK BROWN,,800,41
445,55,RED,,800,36
446,55,BROWN,,800,6
447,55,GRAY,,800,27
448,55,OLD ROSE,,800,5
449,55,OFF WHITE,,800,13
450,55,MINT GREEN,,800,5
451,55,LT PINK,,800,17
452,55,NAVY BLUE,,800,1
453,55,MUSTARD,,800,1
454,55,DARK KHAKI,,800,0
455,55,WHITE,,800,10
456,55,TAN,,800,2
457,55,MAUVE PINK,,800,0
458,55,CREAM,,800,30
459,55,PINK,,800,2
460,55,BEIGE,,800,1
461,55,ARMY GREEN,,800,0
462,55,LT BLUE,,800,4
463,55,PEACH,,800,5
464,55,WHITE / TAN,,800,5
465,56,BLACK,,800,0
466,56,TAN,,800,17
467,56,MOCHA,,800,4
468,56,BEIGE,,800,7
469,56,GRAY,,800,0
470,56,LT GRAY,,800,0
471,57,BLACK / TAN,,800,20
472,57,BROWN / MOCHA,,800,7
473,57,BLACK / GRAY,,800,4
474,57,BLACK / WHITE,,800,9
475,57,MOSS GREEN / TAN,,800,1
476,57,MUSTARD / WHITE,,800,3
477,57,WHITE / OLD ROSE,,800,6
478,57,TAN / PEACH,,800,4
479,57,BROWN / GOLD,,800,6
480,57,KHAKI / WHITE,,800,1
481,57,BLACK / SILVER,,800,4
482,58,BROWN,,800,5
483,58,DARK KHAKI,,800,5
484,58,RED / VIOLET,,800,4
485,58,BEIGE,,800,5
486,58,OLD ROSE,,800,5
487,58,BLACK,,800,5
488,59,BLACK,,800,4
489,59,BROWN,,800,6
490,59,TAN,,800,14
491,59,KHAKI,,800,2
492,59,GRAY,,800,3
493,59,NAVY BLUE,,800,9
494,59,DARK GREEN,,800,2
495,59,LT PINK,,800,5
496,59,OFFWHITE,,800,8
497,60,BLACK,,800,4
498,60,BROWN,,800,6
499,60,WHITE,,800,10
500,60,OLD ROSE,,800,3
501,60,DARK MUSTARD,,800,119
502,60,KHAKI,,800,8
503,60,OFF WHITE,,800,1
504,60,GRAY,,800,5
505,60,BLUE GREEN,,800,3
506,60,MINT GREEN,,800,8
507,60,OLIVE GREEN,,800,8
508,60,RED,,800,4
509,60,POWDERBLUE,,800,1
510,60,MAUVE PINK,,800,3
511,60,MUSTARD,,800,2
512,60,SKY BLUE,,800,1
513,60,TAN,,800,3
514,60,LT PINK,,800,1
515,60,BEIGE,,800,4
516,60,MOSS GREEN,,800,7
517,60,LT BLUE,,800,2
518,61,BLACK,,800,13
519,61,BROWN,,800,6
520,61,KHAKI,,800,6
521,61,DARK KHAKI,,800,6
522,61,MOSS GREEN,,800,4
523,61,TAN,,800,7
524,61,OLD ROSE,,800,7
525,62,BLACK,,800,4
526,62,BROWN,,800,2
527,62,TAN,,800,10
528,62,OLIVE GREEN,,800,8
529,62,DARK MUSTARD,,800,20
530,62,BLUE,,800,3
531,62,LT PINK,,800,3
532,62,KHAKI,,800,0
533,62,GRAY,,800,3
534,62,WHITE,,800,2
535,62,LILAC,,800,6
536,62,MINT GREEN,,800,6
537,62,MUSTARD,,800,1
538,63,BLACK,,800,5
539,63,BROWN,,800,6
540,63,RED/VIOLET,,800,8
541,63,KHAKI,,800,6
542,64,BLACK,,800,0
543,64,DARK KHAKI,,800,14
544,64,SILVER,,800,16
545,64,BLUE/GREEN,,800,3
546,64,NAVY BLUE,,800,5
547,64,DARK MUSTARD,,800,1
548,64,POWDERBLUE,,800,5
549,64,OFFWHITE,,800,2
550,64,RED,,800,13
551,64,LT BLUE,,800,12
552,64,BLACK (MATTE),,800,12
553,65,,5,1000,0
554,65,,6,1000,0
555,65,,7,1000,1
556,65,,8,1000,2
557,65,,9,1000,0
558,65,,10,1000,2
559,65,,11,1000,0
560,65,,12,1000,0
561,66,,5,1000,1
562,66,,6,1000,0
563,66,,7,1000,3
564,66,,8,1000,2
565,66,,9,1000,2
566,66,,10,1000,11
567,66,,11,1000,0
568,66,,12,1000,0
569,67,,5,1000,0
570,67,,6,1000,2
571,67,,7,1000,3
572,67,,8,1000,3
573,67,,9,1000,4
574,67,,10,1000,1
575,67,,11,1000,0
576,67,,12,1000,0
577,68,,5,1000,1
578,68,,6,1000,1
579,68,,7,1000,3
580,68,,8,1000,2
581,68,,9,1000,6
582,68,,10,1000,3
583,68,,11,1000,0
584,68,,12,1000,0
585,69,,5,1000,2
586,69,,6,1000,5
587,69,,7,1000,4
588,69,,8,1000,3
589,69,,9,1000,5
590,69,,10,1000,4
591,69,,11,1000,0
592,69,,12,1000,0
593,70,,5,1000,0
594,70,,6,1000,0
595,70,,7,1000,1
596,70,,8,1000,3
597,70,,9,1000,1
598,70,,10,1000,2
599,70,,11,1000,3
600,70,,12,1000,0
601,71,,5,1000,2
602,71,,6,1000,1
603,71,,7,1000,3
604,71,,8,1000,0
605,71,,9,1000,1
606,71,,10,1000,0
607,71,,11,1000,0
608,71,,12,1000,1
609,72,,5,1000,2
610,72,,6,1000,1
611,72,,7,1000,2
612,72,,8,1000,0
613,72,,9,1000,1
614,72,,10,1000,2
615,72,,11,1000,2
616,72,,12,1000,3
617,73,,5,1000,5
618,73,,6,1000,5
619,73,,7,1000,3
620,73,,8,1000,6
621,73,,9,1000,1
622,73,,10,1000,3
623,73,,11,1000,2
624,73,,12,1000,0
625,74,,5,1000,2
626,74,,6,1000,2
627,74,,7,1000,0
628,74,,8,1000,1
629,74,,9,1000,0
630,74,,10,1000,0
631,74,,11,1000,0
632,74,,12,1000,0
633,75,,5,1000,1
634,75,,6,1000,0
635,75,,7,1000,0
636,75,,8,1000,1
637,75,,9,1000,0
638,75,,10,1000,0
639,75,,11,1000,0
640,75,,12,1000,0
641,76,,5,1000,0
642,76,,6,1000,0
643,76,,7,1000,1
644,76,,8,1000,0
645,76,,9,1000,1
646,76,,10,1000,0
647,76,,11,1000,0
648,76,,12,1000,0
649,77,,5,1000,2
650,77,,6,1000,2
651,77,,7,1000,2
652,77,,8,1000,3
653,77,,9,1000,5
654,77,,10,1000,5
655,77,,11,1000,2
656,77,,12,1000,0
657,78,,5,1000,3
658,78,,6,1000,0
659,78,,7,1000,0
660,78,,8,1000,0
661,78,,9,1000,0
662,78,,10,1000,0
663,78,,11,1000,0
664,78,,12,1000,0
665,79,,5,1000,2
666,79,,6,1000,1
667,79,,7,1000,3
668,79,,8,1000,0
669,79,,9,1000,1
670,79,,10,1000,2
671,79,,11,1000,2
672,79,,12,1000,0
673,80,,5,1000,0
674,80,,6,1000,0
675,80,,7,1000,0
676,80,,8,1000,1
677,80,,9,1000,0
678,80,,10,1000,0
679,80,,11,1000,0
680,80,,12,1000,0
681,81,,5,1000,0
682,81,,6,1000,0
683,81,,7,1000,0
684,81,,8,1000,1
685,81,,9,1000,1
686,81,,10,1000,1
687,81,,11,1000,0
688,81,,12,1000,0
689,82,,5,1000,0
690,82,,6,1000,2
691,82,,7,1000,2
692,82,,8,1000,2
693,82,,9,1000,2
694,82,,10,1000,1
695,82,,11,1000,0
696,82,,12,1000,0
697,83,,5,1000,0
698,83,,6,1000,2
699,83,,7,1000,0
700,83,,8,1000,2
701,83,,9,1000,1
702,83,,10,1000,1
703,83,,11,1000,0
704,83,,12,1000,0
705,84,,5,1000,0
706,84,,6,1000,1
707,84,,7,1000,0
708,84,,8,1000,2
709,84,,9,1000,2
710,84,,10,1000,2
711,84,,11,1000,0
712,84,,12,1000,0
713,85,,5,1000,4
714,85,,6,1000,6
715,85,,7,1000,5
716,85,,8,1000,5
717,85,,9,1000,4
718,85,,10,1000,2
719,85,,11,1000,0
720,85,,12,1000,0
721,86,,5,1000,1
722,86,,6,1000,1
723,86,,7,1000,0
724,86,,8,1000,0
725,86,,9,1000,1
726,86,,10,1000,2
727,86,,11,1000,0
728,86,,12,1000,0
729,87,,5,1000,0
730,87,,6,1000,0
731,87,,7,1000,0
732,87,,8,1000,4
733,87,,9,1000,7
734,87,,10,1000,0
735,87,,11,1000,0
736,87,,12,1000,0
737,88,,5,1000,0
738,88,,6,1000,0
739,88,,7,1000,0
740,88,,8,1000,1
741,88,,9,1000,0
742,88,,10,1000,0
743,88,,11,1000,0
744,88,,12,1000,0
745,89,,5,1000,1
746,89,,6,1000,3
747,89,,7,1000,3
748,89,,8,1000,0
749,89,,9,1000,1
750,89,,10,1000,1
751,89,,11,1000,0
752,89,,12,1000,0
753,90,,5,1000,3
754,90,,6,1000,1
755,90,,7,1000,0
756,90,,8,1000,0
757,90,,9,1000,1
758,90,,10,1000,0
759,90,,11,1000,0
760,90,,12,1000,0
761,91,,5,1000,0
762,91,,6,1000,1
763,91,,7,1000,0
764,91,,8,1000,0
765,91,,9,1000,1
766,91,,10,1000,0
767,91,,11,1000,0
768,91,,12,1000,0
769,92,,5,1000,1
770,92,,6,1000,0
771,92,,7,1000,1
772,92,,8,1000,0
773,92,,9,1000,0
774,92,,10,1000,0
775,92,,11,1000,0
776,92,,12,1000,0
777,93,,5,1000,0
778,93,,6,1000,0
779,93,,7,1000,1
780,93,,8,1000,0
781,93,,9,1000,0
782,93,,10,1000,0
783,93,,11,1000,0
784,93,,12,1000,0
785,94,,5,1000,0
786,94,,6,1000,0
787,94,,7,1000,0
788,94,,8,1000,0
789,94,,9,1000,0
790,94,,10,1000,0
791,94,,11,1000,0
792,94,,12,1000,0
793,95,,5,1000,1
794,95,,6,1000,0
795,95,,7,1000,1
796,95,,8,1000,0
797,95,,9,1000,0
798,95,,10,1000,0
799,95,,11,1000,0
800,95,,12,1000,0
801,96,,5,900,4
802,96,,6,900,4
803,96,,7,900,3
804,96,,8,900,2
805,96,,9,900,4
806,96,,10,900,4
807,96,,11,900,0
808,96,,12,900,0
809,96,,13,900,0
810,97,,5,900,3
811,97,,6,900,4
812,97,,7,900,3
813,97,,8,900,3
814,97,,9,900,4
815,97,,10,900,2
816,97,,11,900,0
817,97,,12,900,0
818,97,,13,900,0
819,98,,5,900,4
820,98,,6,900,6
821,98,,7,900,6
822,98,,8,900,3
823,98,,9,900,5
824,98,,10,900,9
825,98,,11,900,0
826,98,,12,900,0
827,98,,13,900,0
828,99,,5,900,6
829,99,,6,900,6
830,99,,7,900,8
831,99,,8,900,5
832,99,,9,900,2
833,99,,10,900,3
834,99,,11,900,0
835,99,,12,900,0
836,99,,13,900,0
837,100,,5,900,1
838,100,,6,900,2
839,100,,7,900,1
840,100,,8,900,0
841,100,,9,900,1
842,100,,10,900,3
843,100,,11,900,0
844,100,,12,900,0
845,100,,13,900,0
846,101,,5,900,2
847,101,,6,900,0
848,101,,7,900,0
849,101,,8,900,1
850,101,,9,900,0
851,101,,10,900,0
852,101,,11,900,0
853,101,,12,900,0
854,101,,13,900,0
855,102,,5,900,0
856,102,,6,900,4
857,102,,7,900,3
858,102,,8,900,0
859,102,,9,900,1
860,102,,10,900,0
861,102,,11,900,0
862,102,,12,900,0
863,102,,13,900,0
864,103,,5,900,2
865,103,,6,900,0
866,103,,7,900,0
867,103,,8,900,0
868,103,,9,900,0
869,103,,10,900,0
870,103,,11,900,0
871,103,,12,900,0
872,103,,13,900,0
873,104,,5,900,1
874,104,,6,900,2
875,104,,7,900,2
876,104,,8,900,2
877,104,,9,900,2
878,104,,10,900,0
879,104,,11,900,0
880,104,,12,900,0
881,104,,13,900,0
882,105,,5,900,1
883,105,,6,900,2
884,105,,7,900,1
885,105,,8,900,2
886,105,,9,900,1
887,105,,10,900,0
888,105,,11,900,0
889,105,,12,900,0
890,105,,13,900,0
891,106,,5,900,0
892,106,,6,900,2
893,106,,7,900,1
894,106,,8,900,5
895,106,,9,900,3
896,106,,10,900,1
897,106,,11,900,0
898,106,,12,900,0
899,106,,13,900,0
900,107,,5,900,0
901,107,,6,900,2
902,107,,7,900,0
903,107,,8,900,2
904,107,,9,900,3
905,107,,10,900,1
906,107,,11,900,0
907,107,,12,900,0
908,107,,13,900,0
909,108,,5,900,0
910,108,,6,900,2
911,108,,7,900,0
912,108,,8,900,3
913,108,,9,900,0
914,108,,10,900,0
915,108,,11,900,0
916,108,,12,900,0
917,108,,13,900,0
918,109,,5,900,0
919,109,,6,900,1
920,109,,7,900,3
921,109,,8,900,5
922,109,,9,900,2
923,109,,10,900,2
924,109,,11,900,0
925,109,,12,900,0
926,109,,13,900,0
927,110,,5,900,0
928,110,,6,900,1
929,110,,7,900,0
930,110,,8,900,2
931,110,,9,900,0
932,110,,10,900,0
933,110,,11,900,0
934,110,,12,900,0
935,110,,13,900,0
936,111,,5,900,0
937,111,,6,900,1
938,111,,7,900,1
939,111,,8,900,2
940,111,,9,900,1
941,111,,10,900,1
942,111,,11,900,0
943,111,,12,900,0
944,111,,13,900,0
945,112,,5,900,1
946,112,,6,900,0
947,112,,7,900,1
948,112,,8,900,1
949,112,,9,900,0
950,112,,10,900,0
951,112,,11,900,0
952,112,,12,900,0
953,112,,13,900,0
954,113,,5,900,0
955,113,,6,900,0
956,113,,7,900,0
957,113,,8,900,0
958,113,,9,900,0
959,113,,10,900,0
960,113,,11,900,0
961,113,,12,900,0
962,113,,13,900,0
963,114,,5,900,1
964,114,,6,900,0
965,114,,7,900,0
966,114,,8,900,0
967,114,,9,900,0
968,114,,10,900,0
969,114,,11,900,0
970,114,,12,900,0
971,114,,13,900,0
972,115,,5,900,3
973,115,,6,900,0
974,115,,7,900,0
975,115,,8,900,0
976,115,,9,900,0
977,115,,10,900,0
978,115,,11,900,0
979,115,,12,900,0
980,115,,13,900,0
981,116,,5,900,2
982,116,,6,900,2
983,116,,7,900,0
984,116,,8,900,0
985,116,,9,900,0
986,116,,10,900,0
987,116,,11,900,0
988,116,,12,900,0
989,116,,13,900,0
990,117,,5,900,1
991,117,,6,900,1
992,117,,7,900,0
993,117,,8,900,0
994,117,,9,900,0
995,117,,10,900,0
996,117,,11,900,0
997,117,,12,900,0
998,117,,13,900,0
999,118,,5,900,1
1000,118,,6,900,0
1001,118,,7,900,0
1002,118,,8,900,0
1003,118,,9,900,0
1004,118,,10,900,0
1005,118,,11,900,0
1006,118,,12,900,0
1007,118,,13,900,0
1008,119,,5,900,4
1009,119,,6,900,1
1010,119,,7,900,4
1011,119,,8,900,2
1012,119,,9,900,0
1013,119,,10,900,0
1014,119,,11,900,0
1015,119,,12,900,0
1016,119,,13,900,0
1017,120,,5,900,3
1018,120,,6,900,2
1019,120,,7,900,0
1020,120,,8,900,4
1021,120,,9,900,0
1022,120,,10,900,0
1023,120,,11,900,0
1024,120,,12,900,0
1025,120,,13,900,0
1026,121,,5,900,1
1027,121,,6,900,1
1028,121,,7,900,2
1029,121,,8,900,2
1030,121,,9,900,1
1031,121,,10,900,1
1032,121,,11,900,0
1033,121,,12,900,0
1034,121,,13,900,0
1035,122,,5,900,0
1036,122,,6,900,0
1037,122,,7,900,0
1038,122,,8,900,0
1039,122,,9,900,1
1040,122,,10,900,0
1041,122,,11,900,2
1042,122,,12,900,0
1043,122,,13,900,0
1044,123,,5,900,0
1045,123,,6,900,0
1046,123,,7,900,0
1047,123,,8,900,0
1048,123,,9,900,0
1049,123,,10,900,0
1050,123,,11,900,3
1051,123,,12,900,0
1052,123,,13,900,1
1053,124,,5,900,0
1054,124,,6,900,0
1055,124,,7,900,0
1056,124,,8,900,0
1057,124,,9,900,0
1058,124,,10,900,2
1059,124,,11,900,3
1060,124,,12,900,0
1061,124,,13,900,0
1062,125,,5,900,0
1063,125,,6,900,0
1064,125,,7,900,0
1065,125,,8,900,0
1066,125,,9,900,0
1067,125,,10,900,0
1068,125,,11,900,0
1069,125,,12,900,0
1070,125,,13,900,0
1071,126,,5,900,0
1072,126,,6,900,0
1073,126,,7,900,0
1074,126,,8,900,0
1075,126,,9,900,0
1076,126,,10,900,1
1077,126,,11,900,2
1078,126,,12,900,0
1079,126,,13,900,0
1080,127,,5,900,0
1081,127,,6,900,0
1082,127,,7,900,0
1083,127,,8,900,0
1084,127,,9,900,0
1085,127,,10,900,0
1086,127,,11,900,0
1087,127,,12,900,0
1088,127,,13,900,0
1089,128,,5,400,0
1090,128,,6,400,0
1091,128,,7,400,0
1092,128,,8,400,0
1093,128,,9,400,0
1094,128,,10,400,0
1095,129,,5,400,4
1096,129,,6,400,3
1097,129,,7,400,5
1098,129,,8,400,0
1099,129,,9,400,0
1100,129,,10,400,0
1101,130,,5,400,6
1102,130,,6,400,2
1103,130,,7,400,2
1104,130,,8,400,0
1105,130,,9,400,2
1106,130,,10,400,1
1107,131,,5,400,1
1108,131,,6,400,0
1109,131,,7,400,3
1110,131,,8,400,1
1111,131,,9,400,1
1112,131,,10,400,0
1113,132,,5,400,0
1114,132,,6,400,0
1115,132,,7,400,1
1116,132,,8,400,0
1117,132,,9,400,0
1118,132,,10,400,0
1119,133,,5,400,2
1120,133,,6,400,2
1121,133,,7,400,0
1122,133,,8,400,0
1123,133,,9,400,0
1124,133,,10,400,0
1125,134,,5,400,5
1126,134,,6,400,16
1127,134,,7,400,12
1128,134,,8,400,0
1129,134,,9,400,0
1130,134,,10,400,0
1131,135,,5,400,9
1132,135,,6,400,12
1133,135,,7,400,17
1134,135,,8,400,5
1135,135,,9,400,2
1136,135,,10,400,0
1137,136,,5,400,2
1138,136,,6,400,5
1139,136,,7,400,6
1140,136,,8,400,2
1141,136,,9,400,2
1142,136,,10,400,0
1143,137,,5,400,1
1144,137,,6,400,2
1145,137,,7,400,2
1146,137,,8,400,0
1147,137,,9,400,2
1148,137,,10,400,3
1149,138,,5,400,6
1150,138,,6,400,9
1151,138,,7,400,8
1152,138,,8,400,2
1153,138,,9,400,0
1154,138,,10,400,0
1155,139,,5,400,0
1156,139,,6,400,3
1157,139,,7,400,3
1158,139,,8,400,0
1159,139,,9,400,0
1160,139,,10,400,0
1161,140,,5,400,0
1162,140,,6,400,2
1163,140,,7,400,0
1164,140,,8,400,0
1165,140,,9,400,0
1166,140,,10,400,0
1167,141,,5,400,2
1168,141,,6,400,2
1169,141,,7,400,3
1170,141,,8,400,1
1171,141,,9,400,2
1172,141,,10,400,0
1173,142,,5,400,0
1174,142,,6,400,3
1175,142,,7,400,0
1176,142,,8,400,0
1177,142,,9,400,0
1178,142,,10,400,0
1179,143,,5,400,3
1180,143,,6,400,1
1181,143,,7,400,9
1182,143,,8,400,2
1183,143,,9,400,3
1184,143,,10,400,0
1185,144,,5,400,2
1186,144,,6,400,0
1187,144,,7,400,3
1188,144,,8,400,1
1189,144,,9,400,3
1190,144,,10,400,0
1191,145,,5,400,0
1192,145,,6,400,0
1193,145,,7,400,0
1194,145,,8,400,0
1195,145,,9,400,0
1196,145,,10,400,0
1197,146,,5,400,0
1198,146,,6,400,0
1199,146,,7,400,1
1200,146,,8,400,1
1201,146,,9,400,0
1202,146,,10,400,0
1203,147,,5,400,3
1204,147,,6,400,0
1205,147,,7,400,0
1206,147,,8,400,0
1207,147,,9,400,0
1208,147,,10,400,0
1209,148,,5,400,4
1210,148,,6,400,0
1211,148,,7,400,0
1212,148,,8,400,0
1213,148,,9,400,0
1214,148,,10,400,0
1215,149,,5,400,1
1216,149,,6,400,0
1217,149,,7,400,0
1218,149,,8,400,0
1219,149,,9,400,0
1220,149,,10,400,0
1221,150,,5,400,3
1222,150,,6,400,3
1223,150,,7,400,0
1224,150,,8,400,3
1225,150,,9,400,3
1226,150,,10,400,1
1227,151,,5,400,4
1228,151,,6,400,4
1229,151,,7,400,4
1230,151,,8,400,3
1231,151,,9,400,4
1232,151,,10,400,2
1233,152,,5,400,4
1234,152,,6,400,2
1235,152,,7,400,0
1236,152,,8,400,2
1237,152,,9,400,3
1238,152,,10,400,1
1239,153,,5,400,0
1240,153,,6,400,1
1241,153,,7,400,0
1242,153,,8,400,0
1243,153,,9,400,0
1244,153,,10,400,0
1245,154,,5,400,0
1246,154,,6,400,6
1247,154,,7,400,5
1248,154,,8,400,6
1249,154,,9,400,1
1250,154,,10,400,2
1251,155,,5,400,0
1252,155,,6,400,1
1253,155,,7,400,0
1254,155,,8,400,0
1255,155,,9,400,1
1256,155,,10,400,0
1257,156,,5,400,0
1258,156,,6,400,0
1259,156,,7,400,1
1260,156,,8,400,1
1261,156,,9,400,0
1262,156,,10,400,0
1263,157,,5,400,2
1264,157,,6,400,2
1265,157,,7,400,0
1266,157,,8,400,2
1267,157,,9,400,2
1268,157,,10,400,3
1269,158,,1,600,0
1270,158,,2,600,0
1271,158,,3,600,0
1272,158,,4,600,2
1273,158,,5,600,0
1274,158,,6,600,3
1275,158,,7,600,0
1276,158,,8,600,0
1277,159,,1,600,3
1278,159,,2,600,2
1279,159,,3,600,1
1280,159,,4,600,0
1281,159,,5,600,0
1282,159,,6,600,0
1283,159,,7,600,0
1284,159,,8,600,0
1285,160,,1,600,2
1286,160,,2,600,2
1287,160,,3,600,2
1288,160,,4,600,1
1289,160,,5,600,0
1290,160,,6,600,0
1291,160,,7,600,0
1292,160,,8,600,0
1293,161,,1,600,0
1294,161,,2,600,0
1295,161,,3,600,3
1296,161,,4,600,2
1297,161,,5,600,1
1298,161,,6,600,2
1299,161,,7,600,0
1300,161,,8,600,0
1301,162,,1,600,0
1302,162,,2,600,0
1303,162,,3,600,0
1304,162,,4,600,0
1305,162,,5,600,0
1306,162,,6,600,0
1307,162,,7,600,0
1308,162,,8,600,0
1309,163,,1,600,1
1310,163,,2,600,0
1311,163,,3,600,1
1312,163,,4,600,0
1313,163,,5,600,0
1314,163,,6,600,0
1315,163,,7,600,0
1316,163,,8,600,0
1317,164,,1,600,1
1318,164,,2,600,0
1319,164,,3,600,1
1320,164,,4,600,2
1321,164,,5,600,0
1322,164,,6,600,0
1323,164,,7,600,0
1324,164,,8,600,0
1325,165,,1,600,1
1326,165,,2,600,1
1327,165,,3,600,1
1328,165,,4,600,0
1329,165,,5,600,0
1330,165,,6,600,0
1331,165,,7,600,0
1332,165,,8,600,0
1333,166,,1,600,0
1334,166,,2,600,0
1335,166,,3,600,0
1336,166,,4,600,0
1337,166,,5,600,0
1338,166,,6,600,0
1339,166,,7,600,0
1340,166,,8,600,0
1341,167,,1,600,0
1342,167,,2,600,2
1343,167,,3,600,2
1344,167,,4,600,1
1345,167,,5,600,0
1346,167,,6,600,0
1347,167,,7,600,0
1348,167,,8,600,0
1349,168,,1,600,0
1350,168,,2,600,2
1351,168,,3,600,0
1352,168,,4,600,0
1353,168,,5,600,0
1354,168,,6,600,0
1355,168,,7,600,0
1356,168,,8,600,0
1357,169,,1,600,0
1358,169,,2,600,0
1359,169,,3,600,0
1360,169,,4,600,0
1361,169,,5,600,0
1362,169,,6,600,0
1363,169,,7,600,0
1364,169,,8,600,0
1365,170,,1,600,2
1366,170,,2,600,2
1367,170,,3,600,0
1368,170,,4,600,0
1369,170,,5,600,0
1370,170,,6,600,0
1371,170,,7,600,0
1372,170,,8,600,0
1373,171,,1,600,0
1374,171,,2,600,0
1375,171,,3,600,0
1376,171,,4,600,0
1377,171,,5,600,0
1378,171,,6,600,0
1379,171,,7,600,0
1380,171,,8,600,0
1381,172,,1,600,0
1382,172,,2,600,0
1383,172,,3,600,0
1384,172,,4,600,0
1385,172,,5,600,0
1386,172,,6,600,1
1387,172,,7,600,0
1388,172,,8,600,1
1389,173,,1,600,3
1390,173,,2,600,3
1391,173,,3,600,3
1392,173,,4,600,3
1393,173,,5,600,0
1394,173,,6,600,0
1395,173,,7,600,0
1396,173,,8,600,0
1397,174,,1,600,0
1398,174,,2,600,0
1399,174,,3,600,0
1400,174,,4,600,0
1401,174,,5,600,0
1402,174,,6,600,0
1403,174,,7,600,0
1404,174,,8,600,0
1405,175,,1,600,0
1406,175,,2,600,0
1407,175,,3,600,0
1408,175,,4,600,2
1409,175,,5,600,0
1410,175,,6,600,0
1411,175,,7,600,0
1412,175,,8,600,0
1413,176,,1,600,1
1414,176,,2,600,3
1415,176,,3,600,1
1416,176,,4,600,2
1417,176,,5,600,0
1418,176,,6,600,0
1419,176,,7,600,0
1420,176,,8,600,0
1421,177,,1,600,0
1422,177,,2,600,1
1423,177,,3,600,0
1424,177,,4,600,0
1425,177,,5,600,0
1426,177,,6,600,0
1427,177,,7,600,0
1428,177,,8,600,0
1429,178,,1,600,0
1430,178,,2,600,0
1431,178,,3,600,0
1432,178,,4,600,2
1433,178,,5,600,0
1434,178,,6,600,0
1435,178,,7,600,0
1436,178,,8,600,0